cycle,avg_attention,avg_performance,is_break,high_attention_count
0,0.385807665,0.5,TRUE,4
1,0.435807665,0.5016,TRUE,5
2,0.485807665,0.5032,TRUE,7
3,0.53396778,0.5052,TRUE,8
4,0.579871711,0.508,TRUE,8
5,0.622238958,0.5112,TRUE,8
6,0.664238958,0.5144,TRUE,12
7,0.706203379,0.5176,TRUE,12
8,0.744490123,0.5224,TRUE,14
9,0.778978122,0.5272,TRUE,15
10,0.812978122,0.5328,TRUE,17
11,0.846978122,0.5388,TRUE,19
12,0.878293379,0.5456,TRUE,21
13,0.904293379,0.5532,TRUE,22
14,0.927919449,0.5616,TRUE,25
15,0.948865124,0.5704,FALSE,25
16,0.898865124,0.5788,FALSE,25
17,0.848865124,0.5864,FALSE,22
18,0.798865124,0.5932,FALSE,21
19,0.748865124,0.5932,FALSE,19
20,0.698865124,0.5932,FALSE,17
21,0.648865124,0.5932,FALSE,0
22,0.598865124,0.5932,FALSE,0
23,0.548865124,0.5932,FALSE,0
24,0.498865124,0.5932,FALSE,0
25,0.448865124,0.5932,FALSE,0
26,0.398865124,0.5932,FALSE,0
27,0.348865124,0.5932,FALSE,0
28,0.298865124,0.5932,FALSE,0
29,0.248865124,0.5932,FALSE,0
30,0.198865124,0.5932,TRUE,0
31,0.248865124,0.5932,TRUE,0
32,0.298865124,0.5932,TRUE,0
33,0.348865124,0.5932,TRUE,0
34,0.398865124,0.5932,TRUE,0
35,0.448865124,0.5932,TRUE,0
36,0.498865124,0.5932,TRUE,0
37,0.548865124,0.5932,TRUE,0
38,0.598865124,0.5932,TRUE,0
39,0.648865124,0.5932,TRUE,0
40,0.698865124,0.5932,TRUE,17
41,0.748865124,0.5932,TRUE,19
42,0.798865124,0.6,TRUE,21
43,0.848865124,0.6076,TRUE,22
44,0.898865124,0.616,TRUE,25
45,0.948865124,0.6248,FALSE,25
46,0.898865124,0.6332,FALSE,25
47,0.848865124,0.6408,FALSE,22
48,0.798865124,0.6476,FALSE,21
49,0.748865124,0.6476,FALSE,19
50,0.698865124,0.6476,FALSE,17
51,0.648865124,0.6476,FALSE,0
52,0.598865124,0.6476,FALSE,0
53,0.548865124,0.6476,FALSE,0
54,0.498865124,0.6476,FALSE,0
55,0.448865124,0.6476,FALSE,0
56,0.398865124,0.6476,FALSE,0
57,0.348865124,0.6476,FALSE,0
58,0.298865124,0.6476,FALSE,0
59,0.248865124,0.6476,FALSE,0
60,0.198865124,0.6476,TRUE,0
61,0.248865124,0.6476,TRUE,0
62,0.298865124,0.6476,TRUE,0
63,0.348865124,0.6476,TRUE,0
64,0.398865124,0.6476,TRUE,0
65,0.448865124,0.6476,TRUE,0
66,0.498865124,0.6476,TRUE,0
67,0.548865124,0.6476,TRUE,0
68,0.598865124,0.6476,TRUE,0
69,0.648865124,0.6476,TRUE,0
70,0.698865124,0.6476,TRUE,17
71,0.748865124,0.6476,TRUE,19
72,0.798865124,0.6544,TRUE,21
73,0.848865124,0.662,TRUE,22
74,0.898865124,0.6704,TRUE,25
75,0.948865124,0.6792,FALSE,25
76,0.898865124,0.6876,FALSE,25
77,0.848865124,0.6952,FALSE,22
78,0.798865124,0.702,FALSE,21
79,0.748865124,0.702,FALSE,19
80,0.698865124,0.702,FALSE,17
81,0.648865124,0.702,FALSE,0
82,0.598865124,0.702,FALSE,0
83,0.548865124,0.702,FALSE,0
84,0.498865124,0.702,FALSE,0
85,0.448865124,0.702,FALSE,0
86,0.398865124,0.702,FALSE,0
87,0.348865124,0.702,FALSE,0
88,0.298865124,0.702,FALSE,0
89,0.248865124,0.702,FALSE,0
90,0.198865124,0.702,TRUE,0
91,0.248865124,0.702,TRUE,0
92,0.298865124,0.702,TRUE,0
93,0.348865124,0.702,TRUE,0
94,0.398865124,0.702,TRUE,0
95,0.448865124,0.702,TRUE,0
96,0.498865124,0.702,TRUE,0
97,0.548865124,0.702,TRUE,0
98,0.598865124,0.702,TRUE,0
99,0.648865124,0.702,TRUE,0
100,0.698865124,0.702,TRUE,17
101,0.748865124,0.702,TRUE,19
102,0.798865124,0.7088,TRUE,21
103,0.848865124,0.7164,TRUE,22
104,0.898865124,0.7248,TRUE,25
105,0.948865124,0.7336,FALSE,25
106,0.898865124,0.742,FALSE,25
107,0.848865124,0.7496,FALSE,22
108,0.798865124,0.7564,FALSE,21
109,0.748865124,0.7564,FALSE,19
110,0.698865124,0.7564,FALSE,17
111,0.648865124,0.7564,FALSE,0
112,0.598865124,0.7564,FALSE,0
113,0.548865124,0.7564,FALSE,0
114,0.498865124,0.7564,FALSE,0
115,0.448865124,0.7564,FALSE,0
116,0.398865124,0.7564,FALSE,0
117,0.348865124,0.7564,FALSE,0
118,0.298865124,0.7564,FALSE,0
119,0.248865124,0.7564,FALSE,0
120,0.198865124,0.7564,TRUE,0
121,0.248865124,0.7564,TRUE,0
122,0.298865124,0.7564,TRUE,0
123,0.348865124,0.7564,TRUE,0
124,0.398865124,0.7564,TRUE,0
125,0.448865124,0.7564,TRUE,0
126,0.498865124,0.7564,TRUE,0
127,0.548865124,0.7564,TRUE,0
128,0.598865124,0.7564,TRUE,0
129,0.648865124,0.7564,TRUE,0
130,0.698865124,0.7564,TRUE,17
131,0.748865124,0.7564,TRUE,19
132,0.798865124,0.7632,TRUE,21
133,0.848865124,0.7708,TRUE,22
134,0.898865124,0.7792,TRUE,25
135,0.948865124,0.788,FALSE,25
136,0.898865124,0.7964,FALSE,25
137,0.848865124,0.804,FALSE,22
138,0.798865124,0.8108,FALSE,21
139,0.748865124,0.8108,FALSE,19
140,0.698865124,0.8108,FALSE,17
141,0.648865124,0.8108,FALSE,0
142,0.598865124,0.8108,FALSE,0
143,0.548865124,0.8108,FALSE,0
144,0.498865124,0.8108,FALSE,0
145,0.448865124,0.8108,FALSE,0
146,0.398865124,0.8108,FALSE,0
147,0.348865124,0.8108,FALSE,0
148,0.298865124,0.8108,FALSE,0
149,0.248865124,0.8108,FALSE,0
150,0.198865124,0.8108,TRUE,0
151,0.248865124,0.8108,TRUE,0
152,0.298865124,0.8108,TRUE,0
153,0.348865124,0.8108,TRUE,0
154,0.398865124,0.8108,TRUE,0
155,0.448865124,0.8108,TRUE,0
156,0.498865124,0.8108,TRUE,0
157,0.548865124,0.8108,TRUE,0
158,0.598865124,0.8108,TRUE,0
159,0.648865124,0.8108,TRUE,0
160,0.698865124,0.8108,TRUE,17
161,0.748865124,0.8108,TRUE,19
162,0.798865124,0.8176,TRUE,21
163,0.848865124,0.8252,TRUE,22
164,0.898865124,0.8336,TRUE,25
165,0.948865124,0.8424,FALSE,25
166,0.898865124,0.8492,FALSE,25
167,0.848865124,0.8552,FALSE,22
168,0.798865124,0.86,FALSE,21
169,0.748865124,0.86,FALSE,19
170,0.698865124,0.86,FALSE,17
171,0.648865124,0.86,FALSE,0
172,0.598865124,0.86,FALSE,0
173,0.548865124,0.86,FALSE,0
174,0.498865124,0.86,FALSE,0
175,0.448865124,0.86,FALSE,0
176,0.398865124,0.86,FALSE,0
177,0.348865124,0.86,FALSE,0
178,0.298865124,0.86,FALSE,0
179,0.248865124,0.86,FALSE,0
180,0.198865124,0.86,TRUE,0
181,0.248865124,0.86,TRUE,0
182,0.298865124,0.86,TRUE,0
183,0.348865124,0.86,TRUE,0
184,0.398865124,0.86,TRUE,0
185,0.448865124,0.86,TRUE,0
186,0.498865124,0.86,TRUE,0
187,0.548865124,0.86,TRUE,0
188,0.598865124,0.86,TRUE,0
189,0.648865124,0.86,TRUE,0
190,0.698865124,0.86,TRUE,17
191,0.748865124,0.86,TRUE,19
192,0.798865124,0.864,TRUE,21
193,0.848865124,0.8684,TRUE,22
194,0.898865124,0.8736,TRUE,25
195,0.948865124,0.8792,FALSE,25
196,0.898865124,0.8828,FALSE,25
197,0.848865124,0.8856,FALSE,22
198,0.798865124,0.8868,FALSE,21
199,0.748865124,0.8868,FALSE,19
200,0.698865124,0.8868,FALSE,17
201,0.648865124,0.8868,FALSE,0
202,0.598865124,0.8868,FALSE,0
203,0.548865124,0.8868,FALSE,0
204,0.498865124,0.8868,FALSE,0
205,0.448865124,0.8868,FALSE,0
206,0.398865124,0.8868,FALSE,0
207,0.348865124,0.8868,FALSE,0
208,0.298865124,0.8868,FALSE,0
209,0.248865124,0.8868,FALSE,0
210,0.198865124,0.8868,TRUE,0
211,0.248865124,0.8868,TRUE,0
212,0.298865124,0.8868,TRUE,0
213,0.348865124,0.8868,TRUE,0
214,0.398865124,0.8868,TRUE,0
215,0.448865124,0.8868,TRUE,0
216,0.498865124,0.8868,TRUE,0
217,0.548865124,0.8868,TRUE,0
218,0.598865124,0.8868,TRUE,0
219,0.648865124,0.8868,TRUE,0
220,0.698865124,0.8868,TRUE,17
221,0.748865124,0.8868,TRUE,19
222,0.798865124,0.8876,TRUE,21
223,0.848865124,0.8884,TRUE,22
224,0.898865124,0.89,TRUE,25
225,0.948865124,0.892,FALSE,25
226,0.898865124,0.8936,FALSE,25
227,0.848865124,0.8944,FALSE,22
228,0.798865124,0.8944,FALSE,21
229,0.748865124,0.8944,FALSE,19
230,0.698865124,0.8944,FALSE,17
231,0.648865124,0.8944,FALSE,0
232,0.598865124,0.8944,FALSE,0
233,0.548865124,0.8944,FALSE,0
234,0.498865124,0.8944,FALSE,0
235,0.448865124,0.8944,FALSE,0
236,0.398865124,0.8944,FALSE,0
237,0.348865124,0.8944,FALSE,0
238,0.298865124,0.8944,FALSE,0
239,0.248865124,0.8944,FALSE,0
240,0.198865124,0.8944,TRUE,0
241,0.248865124,0.8944,TRUE,0
242,0.298865124,0.8944,TRUE,0
243,0.348865124,0.8944,TRUE,0
244,0.398865124,0.8944,TRUE,0
245,0.448865124,0.8944,TRUE,0
246,0.498865124,0.8944,TRUE,0
247,0.548865124,0.8944,TRUE,0
248,0.598865124,0.8944,TRUE,0
249,0.648865124,0.8944,TRUE,0
250,0.698865124,0.8944,TRUE,17
251,0.748865124,0.8944,TRUE,19
252,0.798865124,0.8944,TRUE,21
253,0.848865124,0.8952,TRUE,22
254,0.898865124,0.8968,TRUE,25
255,0.948865124,0.8988,FALSE,25
256,0.898865124,0.9004,FALSE,25
257,0.848865124,0.9012,FALSE,22
258,0.798865124,0.9012,FALSE,21
259,0.748865124,0.9012,FALSE,19
260,0.698865124,0.9012,FALSE,17
261,0.648865124,0.9012,FALSE,0
262,0.598865124,0.9012,FALSE,0
263,0.548865124,0.9012,FALSE,0
264,0.498865124,0.9012,FALSE,0
265,0.448865124,0.9012,FALSE,0
266,0.398865124,0.9012,FALSE,0
267,0.348865124,0.9012,FALSE,0
268,0.298865124,0.9012,FALSE,0
269,0.248865124,0.9012,FALSE,0
270,0.198865124,0.9012,TRUE,0
271,0.248865124,0.9012,TRUE,0
272,0.298865124,0.9012,TRUE,0
273,0.348865124,0.9012,TRUE,0
274,0.398865124,0.9012,TRUE,0
275,0.448865124,0.9012,TRUE,0
276,0.498865124,0.9012,TRUE,0
277,0.548865124,0.9012,TRUE,0
278,0.598865124,0.9012,TRUE,0
279,0.648865124,0.9012,TRUE,0
280,0.698865124,0.9012,TRUE,17
281,0.748865124,0.9012,TRUE,19
282,0.798865124,0.9012,TRUE,21
283,0.848865124,0.902,TRUE,22
284,0.898865124,0.9036,TRUE,25
285,0.948865124,0.9056,FALSE,25
286,0.898865124,0.9072,FALSE,25
287,0.848865124,0.908,FALSE,22
288,0.798865124,0.908,FALSE,21
289,0.748865124,0.908,FALSE,19
290,0.698865124,0.908,FALSE,17
291,0.648865124,0.908,FALSE,0
292,0.598865124,0.908,FALSE,0
293,0.548865124,0.908,FALSE,0
294,0.498865124,0.908,FALSE,0
295,0.448865124,0.908,FALSE,0
296,0.398865124,0.908,FALSE,0
297,0.348865124,0.908,FALSE,0
298,0.298865124,0.908,FALSE,0
299,0.248865124,0.908,FALSE,0
300,0.198865124,0.908,TRUE,0
301,0.248865124,0.908,TRUE,0
302,0.298865124,0.908,TRUE,0
303,0.348865124,0.908,TRUE,0
304,0.398865124,0.908,TRUE,0
305,0.448865124,0.908,TRUE,0
306,0.498865124,0.908,TRUE,0
307,0.548865124,0.908,TRUE,0
308,0.598865124,0.908,TRUE,0
309,0.648865124,0.908,TRUE,0
310,0.698865124,0.908,TRUE,17
311,0.748865124,0.908,TRUE,19
312,0.798865124,0.908,TRUE,21
313,0.848865124,0.908,TRUE,22
314,0.898865124,0.9088,TRUE,25
315,0.948865124,0.91,FALSE,25
316,0.898865124,0.9108,FALSE,25
317,0.848865124,0.9108,FALSE,22
318,0.798865124,0.9108,FALSE,21
319,0.748865124,0.9108,FALSE,19
320,0.698865124,0.9108,FALSE,17
321,0.648865124,0.9108,FALSE,0
322,0.598865124,0.9108,FALSE,0
323,0.548865124,0.9108,FALSE,0
324,0.498865124,0.9108,FALSE,0
325,0.448865124,0.9108,FALSE,0
326,0.398865124,0.9108,FALSE,0
327,0.348865124,0.9108,FALSE,0
328,0.298865124,0.9108,FALSE,0
329,0.248865124,0.9108,FALSE,0
330,0.198865124,0.9108,TRUE,0
331,0.248865124,0.9108,TRUE,0
332,0.298865124,0.9108,TRUE,0
333,0.348865124,0.9108,TRUE,0
334,0.398865124,0.9108,TRUE,0
335,0.448865124,0.9108,TRUE,0
336,0.498865124,0.9108,TRUE,0
337,0.548865124,0.9108,TRUE,0
338,0.598865124,0.9108,TRUE,0
339,0.648865124,0.9108,TRUE,0
340,0.698865124,0.9108,TRUE,17
341,0.748865124,0.9108,TRUE,19
342,0.798865124,0.9108,TRUE,21
343,0.848865124,0.9108,TRUE,22
344,0.898865124,0.9116,TRUE,25
345,0.948865124,0.9128,FALSE,25
346,0.898865124,0.9136,FALSE,25
347,0.848865124,0.9136,FALSE,22
348,0.798865124,0.9136,FALSE,21
349,0.748865124,0.9136,FALSE,19
350,0.698865124,0.9136,FALSE,17
351,0.648865124,0.9136,FALSE,0
352,0.598865124,0.9136,FALSE,0
353,0.548865124,0.9136,FALSE,0
354,0.498865124,0.9136,FALSE,0
355,0.448865124,0.9136,FALSE,0
356,0.398865124,0.9136,FALSE,0
357,0.348865124,0.9136,FALSE,0
358,0.298865124,0.9136,FALSE,0
359,0.248865124,0.9136,FALSE,0
360,0.198865124,0.9136,TRUE,0
361,0.248865124,0.9136,TRUE,0
362,0.298865124,0.9136,TRUE,0
363,0.348865124,0.9136,TRUE,0
364,0.398865124,0.9136,TRUE,0
365,0.448865124,0.9136,TRUE,0
366,0.498865124,0.9136,TRUE,0
367,0.548865124,0.9136,TRUE,0
368,0.598865124,0.9136,TRUE,0
369,0.648865124,0.9136,TRUE,0
370,0.698865124,0.9136,TRUE,17
371,0.748865124,0.9136,TRUE,19
372,0.798865124,0.9136,TRUE,21
373,0.848865124,0.9136,TRUE,22
374,0.898865124,0.9144,TRUE,25
375,0.948865124,0.9156,FALSE,25
376,0.898865124,0.9164,FALSE,25
377,0.848865124,0.9164,FALSE,22
378,0.798865124,0.9164,FALSE,21
379,0.748865124,0.9164,FALSE,19
380,0.698865124,0.9164,FALSE,17
381,0.648865124,0.9164,FALSE,0
382,0.598865124,0.9164,FALSE,0
383,0.548865124,0.9164,FALSE,0
384,0.498865124,0.9164,FALSE,0
385,0.448865124,0.9164,FALSE,0
386,0.398865124,0.9164,FALSE,0
387,0.348865124,0.9164,FALSE,0
388,0.298865124,0.9164,FALSE,0
389,0.248865124,0.9164,FALSE,0
390,0.198865124,0.9164,TRUE,0
391,0.248865124,0.9164,TRUE,0
392,0.298865124,0.9164,TRUE,0
393,0.348865124,0.9164,TRUE,0
394,0.398865124,0.9164,TRUE,0
395,0.448865124,0.9164,TRUE,0
396,0.498865124,0.9164,TRUE,0
397,0.548865124,0.9164,TRUE,0
398,0.598865124,0.9164,TRUE,0
399,0.648865124,0.9164,TRUE,0
400,0.698865124,0.9164,TRUE,17
401,0.748865124,0.9164,TRUE,19
402,0.798865124,0.9164,TRUE,21
403,0.848865124,0.9164,TRUE,22
404,0.898865124,0.9172,TRUE,25
405,0.948865124,0.9184,FALSE,25
406,0.898865124,0.9192,FALSE,25
407,0.848865124,0.9192,FALSE,22
408,0.798865124,0.9192,FALSE,21
409,0.748865124,0.9192,FALSE,19
410,0.698865124,0.9192,FALSE,17
411,0.648865124,0.9192,FALSE,0
412,0.598865124,0.9192,FALSE,0
413,0.548865124,0.9192,FALSE,0
414,0.498865124,0.9192,FALSE,0
415,0.448865124,0.9192,FALSE,0
416,0.398865124,0.9192,FALSE,0
417,0.348865124,0.9192,FALSE,0
418,0.298865124,0.9192,FALSE,0
419,0.248865124,0.9192,FALSE,0
420,0.198865124,0.9192,TRUE,0
421,0.248865124,0.9192,TRUE,0
422,0.298865124,0.9192,TRUE,0
423,0.348865124,0.9192,TRUE,0
424,0.398865124,0.9192,TRUE,0
425,0.448865124,0.9192,TRUE,0
426,0.498865124,0.9192,TRUE,0
427,0.548865124,0.9192,TRUE,0
428,0.598865124,0.9192,TRUE,0
429,0.648865124,0.9192,TRUE,0
430,0.698865124,0.9192,TRUE,17
431,0.748865124,0.9192,TRUE,19
432,0.798865124,0.9192,TRUE,21
433,0.848865124,0.9192,TRUE,22
434,0.898865124,0.92,TRUE,25
435,0.948865124,0.9212,FALSE,25
436,0.898865124,0.922,FALSE,25
437,0.848865124,0.922,FALSE,22
438,0.798865124,0.922,FALSE,21
439,0.748865124,0.922,FALSE,19
440,0.698865124,0.922,FALSE,17
441,0.648865124,0.922,FALSE,0
442,0.598865124,0.922,FALSE,0
443,0.548865124,0.922,FALSE,0
444,0.498865124,0.922,FALSE,0
445,0.448865124,0.922,FALSE,0
446,0.398865124,0.922,FALSE,0
447,0.348865124,0.922,FALSE,0
448,0.298865124,0.922,FALSE,0
449,0.248865124,0.922,FALSE,0
450,0.198865124,0.922,TRUE,0
451,0.248865124,0.922,TRUE,0
452,0.298865124,0.922,TRUE,0
453,0.348865124,0.922,TRUE,0
454,0.398865124,0.922,TRUE,0
455,0.448865124,0.922,TRUE,0
456,0.498865124,0.922,TRUE,0
457,0.548865124,0.922,TRUE,0
458,0.598865124,0.922,TRUE,0
459,0.648865124,0.922,TRUE,0
460,0.698865124,0.922,TRUE,17
461,0.748865124,0.922,TRUE,19
462,0.798865124,0.922,TRUE,21
463,0.848865124,0.922,TRUE,22
464,0.898865124,0.9228,TRUE,25
465,0.948865124,0.924,FALSE,25
466,0.898865124,0.9248,FALSE,25
467,0.848865124,0.9248,FALSE,22
468,0.798865124,0.9248,FALSE,21
469,0.748865124,0.9248,FALSE,19
470,0.698865124,0.9248,FALSE,17
471,0.648865124,0.9248,FALSE,0
472,0.598865124,0.9248,FALSE,0
473,0.548865124,0.9248,FALSE,0
474,0.498865124,0.9248,FALSE,0
475,0.448865124,0.9248,FALSE,0
476,0.398865124,0.9248,FALSE,0
477,0.348865124,0.9248,FALSE,0
478,0.298865124,0.9248,FALSE,0
479,0.248865124,0.9248,FALSE,0
480,0.198865124,0.9248,TRUE,0
481,0.248865124,0.9248,TRUE,0
482,0.298865124,0.9248,TRUE,0
483,0.348865124,0.9248,TRUE,0
484,0.398865124,0.9248,TRUE,0
485,0.448865124,0.9248,TRUE,0
486,0.498865124,0.9248,TRUE,0
487,0.548865124,0.9248,TRUE,0
488,0.598865124,0.9248,TRUE,0
489,0.648865124,0.9248,TRUE,0
490,0.698865124,0.9248,TRUE,17
491,0.748865124,0.9248,TRUE,19
492,0.798865124,0.9248,TRUE,21
493,0.848865124,0.9248,TRUE,22
494,0.898865124,0.9256,TRUE,25
495,0.948865124,0.9268,FALSE,25
496,0.898865124,0.9268,FALSE,25
497,0.848865124,0.9268,FALSE,22
498,0.798865124,0.9268,FALSE,21
499,0.748865124,0.9268,FALSE,19
500,0.698865124,0.9268,FALSE,17
501,0.648865124,0.9268,FALSE,0
502,0.598865124,0.9268,FALSE,0
503,0.548865124,0.9268,FALSE,0
504,0.498865124,0.9268,FALSE,0
505,0.448865124,0.9268,FALSE,0
506,0.398865124,0.9268,FALSE,0
507,0.348865124,0.9268,FALSE,0
508,0.298865124,0.9268,FALSE,0
509,0.248865124,0.9268,FALSE,0
510,0.198865124,0.9268,TRUE,0
511,0.248865124,0.9268,TRUE,0
512,0.298865124,0.9268,TRUE,0
513,0.348865124,0.9268,TRUE,0
514,0.398865124,0.9268,TRUE,0
515,0.448865124,0.9268,TRUE,0
516,0.498865124,0.9268,TRUE,0
517,0.548865124,0.9268,TRUE,0
518,0.598865124,0.9268,TRUE,0
519,0.648865124,0.9268,TRUE,0
520,0.698865124,0.9268,TRUE,17
521,0.748865124,0.9268,TRUE,19
522,0.798865124,0.9268,TRUE,21
523,0.848865124,0.9268,TRUE,22
524,0.898865124,0.9268,TRUE,25
525,0.948865124,0.9272,FALSE,25
526,0.898865124,0.9272,FALSE,25
527,0.848865124,0.9272,FALSE,22
528,0.798865124,0.9272,FALSE,21
529,0.748865124,0.9272,FALSE,19
530,0.698865124,0.9272,FALSE,17
531,0.648865124,0.9272,FALSE,0
532,0.598865124,0.9272,FALSE,0
533,0.548865124,0.9272,FALSE,0
534,0.498865124,0.9272,FALSE,0
535,0.448865124,0.9272,FALSE,0
536,0.398865124,0.9272,FALSE,0
537,0.348865124,0.9272,FALSE,0
538,0.298865124,0.9272,FALSE,0
539,0.248865124,0.9272,FALSE,0
540,0.198865124,0.9272,TRUE,0
541,0.248865124,0.9272,TRUE,0
542,0.298865124,0.9272,TRUE,0
543,0.348865124,0.9272,TRUE,0
544,0.398865124,0.9272,TRUE,0
545,0.448865124,0.9272,TRUE,0
546,0.498865124,0.9272,TRUE,0
547,0.548865124,0.9272,TRUE,0
548,0.598865124,0.9272,TRUE,0
549,0.648865124,0.9272,TRUE,0
550,0.698865124,0.9272,TRUE,17
551,0.748865124,0.9272,TRUE,19
552,0.798865124,0.9272,TRUE,21
553,0.848865124,0.9272,TRUE,22
554,0.898865124,0.9272,TRUE,25
555,0.948865124,0.9276,FALSE,25
556,0.898865124,0.9276,FALSE,25
557,0.848865124,0.9276,FALSE,22
558,0.798865124,0.9276,FALSE,21
559,0.748865124,0.9276,FALSE,19
560,0.698865124,0.9276,FALSE,17
561,0.648865124,0.9276,FALSE,0
562,0.598865124,0.9276,FALSE,0
563,0.548865124,0.9276,FALSE,0
564,0.498865124,0.9276,FALSE,0
565,0.448865124,0.9276,FALSE,0
566,0.398865124,0.9276,FALSE,0
567,0.348865124,0.9276,FALSE,0
568,0.298865124,0.9276,FALSE,0
569,0.248865124,0.9276,FALSE,0
570,0.198865124,0.9276,TRUE,0
571,0.248865124,0.9276,TRUE,0
572,0.298865124,0.9276,TRUE,0
573,0.348865124,0.9276,TRUE,0
574,0.398865124,0.9276,TRUE,0
575,0.448865124,0.9276,TRUE,0
576,0.498865124,0.9276,TRUE,0
577,0.548865124,0.9276,TRUE,0
578,0.598865124,0.9276,TRUE,0
579,0.648865124,0.9276,TRUE,0
580,0.698865124,0.9276,TRUE,17
581,0.748865124,0.9276,TRUE,19
582,0.798865124,0.9276,TRUE,21
583,0.848865124,0.9276,TRUE,22
584,0.898865124,0.9276,TRUE,25
585,0.948865124,0.928,FALSE,25
586,0.898865124,0.928,FALSE,25
587,0.848865124,0.928,FALSE,22
588,0.798865124,0.928,FALSE,21
589,0.748865124,0.928,FALSE,19
590,0.698865124,0.928,FALSE,17
591,0.648865124,0.928,FALSE,0
592,0.598865124,0.928,FALSE,0
593,0.548865124,0.928,FALSE,0
594,0.498865124,0.928,FALSE,0
595,0.448865124,0.928,FALSE,0
596,0.398865124,0.928,FALSE,0
597,0.348865124,0.928,FALSE,0
598,0.298865124,0.928,FALSE,0
599,0.248865124,0.928,FALSE,0
600,0.198865124,0.928,TRUE,0
601,0.248865124,0.928,TRUE,0
602,0.298865124,0.928,TRUE,0
603,0.348865124,0.928,TRUE,0
604,0.398865124,0.928,TRUE,0
605,0.448865124,0.928,TRUE,0
606,0.498865124,0.928,TRUE,0
607,0.548865124,0.928,TRUE,0
608,0.598865124,0.928,TRUE,0
609,0.648865124,0.928,TRUE,0
610,0.698865124,0.928,TRUE,17
611,0.748865124,0.928,TRUE,19
612,0.798865124,0.928,TRUE,21
613,0.848865124,0.928,TRUE,22
614,0.898865124,0.928,TRUE,25
615,0.948865124,0.9284,FALSE,25
616,0.898865124,0.9284,FALSE,25
617,0.848865124,0.9284,FALSE,22
618,0.798865124,0.9284,FALSE,21
619,0.748865124,0.9284,FALSE,19
620,0.698865124,0.9284,FALSE,17
621,0.648865124,0.9284,FALSE,0
622,0.598865124,0.9284,FALSE,0
623,0.548865124,0.9284,FALSE,0
624,0.498865124,0.9284,FALSE,0
625,0.448865124,0.9284,FALSE,0
626,0.398865124,0.9284,FALSE,0
627,0.348865124,0.9284,FALSE,0
628,0.298865124,0.9284,FALSE,0
629,0.248865124,0.9284,FALSE,0
630,0.198865124,0.9284,TRUE,0
631,0.248865124,0.9284,TRUE,0
632,0.298865124,0.9284,TRUE,0
633,0.348865124,0.9284,TRUE,0
634,0.398865124,0.9284,TRUE,0
635,0.448865124,0.9284,TRUE,0
636,0.498865124,0.9284,TRUE,0
637,0.548865124,0.9284,TRUE,0
638,0.598865124,0.9284,TRUE,0
639,0.648865124,0.9284,TRUE,0
640,0.698865124,0.9284,TRUE,17
641,0.748865124,0.9284,TRUE,19
642,0.798865124,0.9284,TRUE,21
643,0.848865124,0.9284,TRUE,22
644,0.898865124,0.9284,TRUE,25
645,0.948865124,0.9288,FALSE,25
646,0.898865124,0.9288,FALSE,25
647,0.848865124,0.9288,FALSE,22
648,0.798865124,0.9288,FALSE,21
649,0.748865124,0.9288,FALSE,19
650,0.698865124,0.9288,FALSE,17
651,0.648865124,0.9288,FALSE,0
652,0.598865124,0.9288,FALSE,0
653,0.548865124,0.9288,FALSE,0
654,0.498865124,0.9288,FALSE,0
655,0.448865124,0.9288,FALSE,0
656,0.398865124,0.9288,FALSE,0
657,0.348865124,0.9288,FALSE,0
658,0.298865124,0.9288,FALSE,0
659,0.248865124,0.9288,FALSE,0
660,0.198865124,0.9288,TRUE,0
661,0.248865124,0.9288,TRUE,0
662,0.298865124,0.9288,TRUE,0
663,0.348865124,0.9288,TRUE,0
664,0.398865124,0.9288,TRUE,0
665,0.448865124,0.9288,TRUE,0
666,0.498865124,0.9288,TRUE,0
667,0.548865124,0.9288,TRUE,0
668,0.598865124,0.9288,TRUE,0
669,0.648865124,0.9288,TRUE,0
670,0.698865124,0.9288,TRUE,17
671,0.748865124,0.9288,TRUE,19
672,0.798865124,0.9288,TRUE,21
673,0.848865124,0.9288,TRUE,22
674,0.898865124,0.9288,TRUE,25
675,0.948865124,0.9292,FALSE,25
676,0.898865124,0.9292,FALSE,25
677,0.848865124,0.9292,FALSE,22
678,0.798865124,0.9292,FALSE,21
679,0.748865124,0.9292,FALSE,19
680,0.698865124,0.9292,FALSE,17
681,0.648865124,0.9292,FALSE,0
682,0.598865124,0.9292,FALSE,0
683,0.548865124,0.9292,FALSE,0
684,0.498865124,0.9292,FALSE,0
685,0.448865124,0.9292,FALSE,0
686,0.398865124,0.9292,FALSE,0
687,0.348865124,0.9292,FALSE,0
688,0.298865124,0.9292,FALSE,0
689,0.248865124,0.9292,FALSE,0
690,0.198865124,0.9292,TRUE,0
691,0.248865124,0.9292,TRUE,0
692,0.298865124,0.9292,TRUE,0
693,0.348865124,0.9292,TRUE,0
694,0.398865124,0.9292,TRUE,0
695,0.448865124,0.9292,TRUE,0
696,0.498865124,0.9292,TRUE,0
697,0.548865124,0.9292,TRUE,0
698,0.598865124,0.9292,TRUE,0
699,0.648865124,0.9292,TRUE,0
700,0.698865124,0.9292,TRUE,17
701,0.748865124,0.9292,TRUE,19
702,0.798865124,0.9292,TRUE,21
703,0.848865124,0.9292,TRUE,22
704,0.898865124,0.9292,TRUE,25
705,0.948865124,0.9296,FALSE,25
706,0.898865124,0.9296,FALSE,25
707,0.848865124,0.9296,FALSE,22
708,0.798865124,0.9296,FALSE,21
709,0.748865124,0.9296,FALSE,19
710,0.698865124,0.9296,FALSE,17
711,0.648865124,0.9296,FALSE,0
712,0.598865124,0.9296,FALSE,0
713,0.548865124,0.9296,FALSE,0
714,0.498865124,0.9296,FALSE,0
715,0.448865124,0.9296,FALSE,0
716,0.398865124,0.9296,FALSE,0
717,0.348865124,0.9296,FALSE,0
718,0.298865124,0.9296,FALSE,0
719,0.248865124,0.9296,FALSE,0
720,0.198865124,0.9296,TRUE,0
721,0.248865124,0.9296,TRUE,0
722,0.298865124,0.9296,TRUE,0
723,0.348865124,0.9296,TRUE,0
724,0.398865124,0.9296,TRUE,0
725,0.448865124,0.9296,TRUE,0
726,0.498865124,0.9296,TRUE,0
727,0.548865124,0.9296,TRUE,0
728,0.598865124,0.9296,TRUE,0
729,0.648865124,0.9296,TRUE,0
730,0.698865124,0.9296,TRUE,17
731,0.748865124,0.9296,TRUE,19
732,0.798865124,0.9296,TRUE,21
733,0.848865124,0.9296,TRUE,22
734,0.898865124,0.9296,TRUE,25
735,0.948865124,0.93,FALSE,25
736,0.898865124,0.93,FALSE,25
737,0.848865124,0.93,FALSE,22
738,0.798865124,0.93,FALSE,21
739,0.748865124,0.93,FALSE,19
740,0.698865124,0.93,FALSE,17
741,0.648865124,0.93,FALSE,0
742,0.598865124,0.93,FALSE,0
743,0.548865124,0.93,FALSE,0
744,0.498865124,0.93,FALSE,0
745,0.448865124,0.93,FALSE,0
746,0.398865124,0.93,FALSE,0
747,0.348865124,0.93,FALSE,0
748,0.298865124,0.93,FALSE,0
749,0.248865124,0.93,FALSE,0
